{
	"credit": "Made with Blockbench",
	"parent": "item",
	"textures": {
		"0": "entity/blaze",
		"particle": "entity/blaze"
	},
	"elements": [
		{
			"from": [7.75, 0, 7.75],
			"to": [8.25, 32, 8.25],
			"rotation": {"angle": 0, "axis": "y", "origin": [15.75, 8, 15.75]},
			"faces": {
				"north": {"uv": [0, 8, 0.25, 13], "texture": "#0"},
				"east": {"uv": [0, 8, 0.25, 13], "texture": "#0"},
				"south": {"uv": [0, 8, 0.25, 13], "texture": "#0"},
				"west": {"uv": [0, 8, 0.25, 13], "texture": "#0"},
				"up": {"uv": [6.25, 1.5, 6.5, 1.75], "texture": "#0"},
				"down": {"uv": [10, 2, 10.25, 2.25], "texture": "#0"}
			}
		}
	],
	"display": {
		"thirdperson_righthand": {
			"translation": [0, 8.5, 2],
			"scale": [2, 2, 2]
		},
		"thirdperson_lefthand": {
			"translation": [0, 8.5, 2],
			"scale": [2, 2, 2]
		},
		"firstperson_righthand": {
			"rotation": [-15, 0, 0]
		},
		"firstperson_lefthand": {
			"rotation": [-15, 0, 0]
		},
		"gui": {
			"rotation": [0, 0, -45]
		}
	}
}