{
	"credit": "Made with Blockbench",
	"parent": "item",
	"textures": {
		"0": "entity/bat"
	},
	"elements": [
		{
			"from": [7.5, 0, 7.5],
			"to": [8.5, 16, 8.5],
			"rotation": {"angle": 0, "axis": "y", "origin": [15.5, 8, 15.5]},
			"faces": {
				"north": {"uv": [0, 5.5, 0.25, 8.5], "texture": "#0"},
				"east": {"uv": [0, 5.5, 0.25, 8.5], "texture": "#0"},
				"south": {"uv": [0, 5.5, 0.25, 8.5], "texture": "#0"},
				"west": {"uv": [0, 5.5, 0.25, 8.5], "texture": "#0"},
				"up": {"uv": [0, 5.5, 0.25, 5.75], "texture": "#0"},
				"down": {"uv": [0, 8.25, 0.25, 8.5], "texture": "#0"}
			}
		}
	],
	"display": {
		"thirdperson_righthand": {
			"translation": [0, 3.5, 2]
		},
		"thirdperson_lefthand": {
			"translation": [0, 3.5, 2]
		},
		"firstperson_righthand": {
			"rotation": [-15, 0, 0]
		},
		"firstperson_lefthand": {
			"rotation": [-15, 0, 0]
		},
		"gui": {
			"rotation": [0, 0, -45]
		}
	}
}